instance,group,algorithm,seed,feasible,served_customers,vehicles,total_distance,total_travel_time,runtime_seconds,improvement_vs_bih_vehicles,improvement_vs_bih_distance,improvement_vs_bih_time
C1_10_1,C1,ABC,2026.0,True,1000,714,355780.703563,714148.768792,90.411842,-567.2897196261682,-652.2269362361659,-408.16189384781643
C1_10_10,C1,ABC,2026.0,True,1000,468,315713.010152,490397.951505,90.615122,-265.625,-234.37388793861302,-160.6589122675038
C1_10_2,C1,ABC,2026.0,True,1000,581,335222.188022,636584.144533,92.092481,-492.8571428571429,-475.9464104635356,-318.30682481698517
C1_10_3,C1,ABC,2026.0,True,1000,459,320397.563651,550930.009252,91.059492,-368.3673469387755,-336.79066523115944,-230.2369907447888
C1_10_4,C1,ABC,2026.0,True,1000,344,304419.150966,465198.351822,90.202667,-244.0,-322.55995301609715,-175.5231139125001
C1_10_5,C1,ABC,2026.0,True,1000,678,349879.212512,670843.655815,91.526222,-489.5652173913043,-538.5626871805781,-349.21864970800397
C1_10_6,C1,ABC,2026.0,True,1000,660,338814.124056,646881.382681,90.54007,-423.8095238095238,-444.99974185501685,-305.67972179643687
C1_10_7,C1,ABC,2026.0,True,1000,651,347505.668381,638566.400907,91.863124,-502.77777777777777,-554.3554233040102,-339.9260926713016
C1_10_8,C1,ABC,2026.0,True,1000,600,336337.622208,597296.286681,90.70628,-387.8048780487805,-382.71080453980255,-258.1113638568225
C1_10_9,C1,ABC,2026.0,True,1000,523,323142.204321,529669.423695,90.775028,-393.39622641509436,-407.8670248790123,-240.63876222199013
C2_10_1,C2,ABC,2026.0,True,1000,522,283584.313944,1275870.017869,90.446192,-1435.2941176470588,-1196.066353945512,-986.6651555858562
C2_10_10,C2,ABC,2026.0,True,1000,343,263595.156565,827043.803279,90.573898,-827.027027027027,-591.7280887834333,-477.5369281766447
C2_10_2,C2,ABC,2026.0,True,1000,415,271831.042275,1040553.285248,91.222318,-1052.7777777777778,-462.2487269827441,-644.2878679261169
C2_10_3,C2,ABC,2026.0,True,1000,302,252462.970144,787389.149706,90.725217,-694.7368421052632,-364.5288425062215,-440.46556411444993
C2_10_4,C2,ABC,2026.0,True,1000,194,246188.486975,562562.508971,90.275191,-470.5882352941177,-625.9332796628042,-329.662001464873
C2_10_5,C2,ABC,2026.0,True,1000,480,275424.146678,1174839.443907,92.253935,-1271.4285714285713,-1046.6636716988562,-867.5820009851057
C2_10_6,C2,ABC,2026.0,True,1000,425,271001.308957,1026026.819511,91.416959,-936.5853658536585,-415.68758813052244,-605.5066933953663
C2_10_7,C2,ABC,2026.0,True,1000,399,266236.540674,965540.007275,90.615144,-827.9069767441861,-460.00107597914877,-546.7001466649506
C2_10_8,C2,ABC,2026.0,True,1000,395,273763.585449,966122.9232,90.414324,-1061.764705882353,-710.500302032508,-644.1314994079323
C2_10_9,C2,ABC,2026.0,True,1000,362,266621.708543,860277.73771,90.36086,-722.7272727272727,-398.49909380554044,-465.8764891823953
R1_10_1,R1,ABC,2026.0,True,1000,634,335423.407587,752225.026743,90.686433,-492.5233644859813,-296.8044455676458,-364.61729906750196
R1_10_10,R1,ABC,2026.0,True,1000,574,325899.375158,673153.921871,90.768511,-523.9130434782609,-258.2451030453369,-358.08347644632414
R1_10_2,R1,ABC,2026.0,True,1000,513,315803.783742,620601.250978,90.060132,-457.60869565217394,-280.0241118318554,-342.5380145757121
R1_10_3,R1,ABC,2026.0,True,1000,389,301063.797402,508084.204132,91.23927,-322.82608695652175,-220.31992088108802,-278.54326460216157
R1_10_4,R1,ABC,2026.0,True,1000,268,281085.368097,389011.559304,90.137223,-191.30434782608697,-180.31615954551094,-210.08085053216314
R1_10_5,R1,ABC,2026.0,True,1000,612,329459.90366,725869.743597,90.617452,-524.4897959183673,-312.39003010989086,-357.25597150764946
R1_10_6,R1,ABC,2026.0,True,1000,500,318793.261636,611196.504025,90.061811,-443.47826086956525,-303.6217603465052,-368.1562942195619
R1_10_7,R1,ABC,2026.0,True,1000,382,305005.414347,507032.61221,90.631077,-315.2173913043478,-236.3803608530672,-294.53762735390916
R1_10_8,R1,ABC,2026.0,True,1000,272,284923.666377,387023.812864,90.066469,-195.65217391304347,-173.4730641798364,-209.8026096633807
R1_10_9,R1,ABC,2026.0,True,1000,598,325860.257347,699171.283731,90.946333,-529.4736842105264,-283.9124192494324,-356.18473162841696
R2_10_1,R2,ABC,2026.0,True,1000,502,322434.72514,2193869.339255,90.046677,-2290.4761904761904,-339.0299351131518,-1551.1588198163608
R2_10_10,R2,ABC,2026.0,True,1000,450,308567.240984,1931588.147866,91.122892,-2268.421052631579,-348.6141782533882,-1479.6054928614494
R2_10_2,R2,ABC,2026.0,True,1000,388,304194.206826,1723207.354195,92.509745,-1942.1052631578948,-398.1276228759804,-1477.740399704118
R2_10_3,R2,ABC,2026.0,True,1000,267,288339.61822,1225892.503716,90.058727,-1305.2631578947369,-483.4250541481675,-915.3964904746822
R2_10_4,R2,ABC,2026.0,True,1000,148,269785.468515,735600.738853,92.046001,-678.9473684210526,-509.3654694500347,-926.2452128149656
R2_10_5,R2,ABC,2026.0,True,1000,488,316305.390964,2082352.460116,91.004298,-2468.421052631579,-354.3962856756383,-1564.195896780304
R2_10_6,R2,ABC,2026.0,True,1000,371,303395.954853,1644991.769272,90.753124,-1852.6315789473686,-366.21604675934594,-1444.820297905864
R2_10_7,R2,ABC,2026.0,True,1000,255,283339.566761,1186531.938707,90.48637,-1242.1052631578948,-412.0625069854637,-894.7976469583883
R2_10_8,R2,ABC,2026.0,True,1000,138,269961.346487,704055.662181,90.758713,-626.3157894736843,-510.7683298706674,-932.7252759011666
R2_10_9,R2,ABC,2026.0,True,1000,464,315935.154803,2014228.767482,90.972029,-2342.105263157895,-369.3394288114686,-1519.2955759528872
RC1_10_1,RC1,ABC,2026.0,True,1000,689,349894.074569,575791.064567,90.163015,-632.9787234042553,-428.76298122043625,-373.0323766003995
RC1_10_10,RC1,ABC,2026.0,True,1000,591,329289.41,503204.530415,90.331388,-528.7234042553192,-428.8447862776435,-293.8977421744654
RC1_10_2,RC1,ABC,2026.0,True,1000,550,332205.203203,487656.361618,90.171031,-504.3956043956044,-338.91495882157585,-268.93247021950566
RC1_10_3,RC1,ABC,2026.0,True,1000,420,306913.096573,425587.301487,90.855226,-361.53846153846155,-284.8400166186214,-249.70088545881336
RC1_10_4,RC1,ABC,2026.0,True,1000,284,294107.882313,360767.027732,90.085994,-215.55555555555554,-234.4602046066706,-205.51108593115143
RC1_10_5,RC1,ABC,2026.0,True,1000,652,340154.552015,546750.563597,90.18814,-593.6170212765958,-408.99575912907756,-337.4343946912923
RC1_10_6,RC1,ABC,2026.0,True,1000,661,343949.951623,555913.327016,90.382553,-588.5416666666667,-423.7640788986847,-340.14183162297667
RC1_10_7,RC1,ABC,2026.0,True,1000,630,335319.413572,530613.184639,90.414339,-570.2127659574468,-396.62767650301174,-330.9278305650374
RC1_10_8,RC1,ABC,2026.0,True,1000,602,329026.448788,516045.417133,90.536513,-527.0833333333333,-432.98043167160546,-296.4952999007852
RC1_10_9,RC1,ABC,2026.0,True,1000,617,328827.721565,520206.656289,90.948082,-549.4736842105264,-420.4016328768232,-295.24651685987516
RC2_10_1,RC2,ABC,2026.0,True,1000,516,325757.636629,1584831.654666,90.63483,-1742.8571428571427,-556.6128124463277,-918.5834783640921
RC2_10_10,RC2,ABC,2026.0,True,1000,402,310952.581707,1319740.855703,90.64189,-2015.7894736842106,-658.890956214561,-1048.9768498638396
RC2_10_2,RC2,ABC,2026.0,True,1000,407,319376.750267,1243714.58065,90.073586,-1595.8333333333335,-658.3154314236664,-819.666032595544
RC2_10_3,RC2,ABC,2026.0,True,1000,297,301827.612428,893992.079497,90.630707,-1314.2857142857142,-844.9047253830512,-725.3568493065925
RC2_10_4,RC2,ABC,2026.0,True,1000,165,280904.953319,572562.484485,90.597628,-816.6666666666666,-946.4374735220156,-582.0532485027035
RC2_10_5,RC2,ABC,2026.0,True,1000,477,315754.346869,1504090.854515,90.927977,-1973.913043478261,-559.494799596736,-1020.8019494706652
RC2_10_6,RC2,ABC,2026.0,True,1000,498,324690.202053,1543109.719689,90.137435,-2065.2173913043475,-741.7577802083783,-975.0831147782417
RC2_10_7,RC2,ABC,2026.0,True,1000,460,318568.28952,1475818.666224,90.503902,-2090.4761904761904,-778.2244815409076,-1036.6428531219622
RC2_10_8,RC2,ABC,2026.0,True,1000,437,315053.381574,1431591.367334,90.66339,-2200.0,-710.5949464707387,-1104.4217399378426
RC2_10_9,RC2,ABC,2026.0,True,1000,429,315619.358328,1390837.549557,90.548312,-2045.0,-667.3848884016018,-1031.7298516458848
C1_10_1,C1,BIH-ACO,2026.0,True,1000,107,47296.990632,140535.679168,93.043135,0.0,0.0,0.0
C1_10_10,C1,BIH-ACO,2026.0,True,1000,125,76747.363176,182227.33851,111.006533,2.34375,18.716323404471865,3.1415614693192486
C1_10_2,C1,BIH-ACO,2026.0,True,1000,98,58203.711653,152181.151912,92.049703,0.0,0.0,0.0
C1_10_3,C1,BIH-ACO,2026.0,True,1000,98,73352.658185,166828.679007,100.443934,0.0,0.0,0.0
C1_10_4,C1,BIH-ACO,2026.0,True,1000,100,72041.647296,168841.860567,102.694034,0.0,0.0,0.0
C1_10_5,C1,BIH-ACO,2026.0,True,1000,115,54791.678176,149335.664548,104.330557,0.0,0.0,0.0
C1_10_6,C1,BIH-ACO,2026.0,True,1000,126,62167.758631,159456.178834,91.279696,0.0,0.0,0.0
C1_10_7,C1,BIH-ACO,2026.0,True,1000,108,53106.56197,145153.109021,90.794171,0.0,0.0,0.0
C1_10_8,C1,BIH-ACO,2026.0,True,1000,123,69676.837362,166790.654239,94.056524,0.0,0.0,0.0
C1_10_9,C1,BIH-ACO,2026.0,True,1000,106,63627.325361,155492.99799,105.437967,0.0,0.0,0.0
C2_10_1,C2,BIH-ACO,2026.0,True,1000,34,21880.385451,117411.514606,99.923015,0.0,0.0,0.0
C2_10_10,C2,BIH-ACO,2026.0,True,1000,37,38106.759121,143201.891157,110.418497,0.0,0.0,0.0
C2_10_2,C2,BIH-ACO,2026.0,True,1000,36,48347.11565,139805.219202,94.789655,0.0,0.0,0.0
C2_10_3,C2,BIH-ACO,2026.0,True,1000,38,54348.179713,145687.200441,110.733617,0.0,0.0,0.0
C2_10_4,C2,BIH-ACO,2026.0,True,1000,34,33913.376597,130931.408189,93.905509,0.0,0.0,0.0
C2_10_5,C2,BIH-ACO,2026.0,True,1000,35,24019.610412,121420.142449,116.563505,0.0,0.0,0.0
C2_10_6,C2,BIH-ACO,2026.0,True,1000,41,52551.450761,145431.195638,92.574777,0.0,0.0,0.0
C2_10_7,C2,BIH-ACO,2026.0,True,1000,43,47542.148059,149302.580532,115.555568,0.0,0.0,0.0
C2_10_8,C2,BIH-ACO,2026.0,True,1000,34,33777.110849,129832.284209,94.877197,0.0,0.0,0.0
C2_10_9,C2,BIH-ACO,2026.0,True,1000,44,53484.893324,152025.707757,102.651392,0.0,0.0,0.0
R1_10_1,R1,BIH-ACO,2026.0,True,1000,107,84531.161718,161902.070425,96.349157,0.0,0.0,0.0
R1_10_10,R1,BIH-ACO,2026.0,True,1000,92,90971.062099,146950.055281,105.206364,0.0,0.0,0.0
R1_10_2,R1,BIH-ACO,2026.0,True,1000,92,83100.98594,140236.822722,107.319657,0.0,0.0,0.0
R1_10_3,R1,BIH-ACO,2026.0,True,1000,92,93988.471455,134220.907263,99.048313,0.0,0.0,0.0
R1_10_4,R1,BIH-ACO,2026.0,True,1000,92,100274.407495,125454.880118,90.286584,0.0,0.0,0.0
R1_10_5,R1,BIH-ACO,2026.0,True,1000,98,79890.36582,158744.726986,103.369965,0.0,0.0,0.0
R1_10_6,R1,BIH-ACO,2026.0,True,1000,92,78983.170125,130553.943538,106.830409,0.0,0.0,0.0
R1_10_7,R1,BIH-ACO,2026.0,True,1000,92,90672.776964,128513.119423,95.443519,0.0,0.0,0.0
R1_10_8,R1,BIH-ACO,2026.0,True,1000,92,104187.104215,124925.936965,106.708055,0.0,0.0,0.0
R1_10_9,R1,BIH-ACO,2026.0,True,1000,95,84878.800739,153264.94625,91.564489,0.0,0.0,0.0
R2_10_1,R2,BIH-ACO,2026.0,True,1000,21,73442.537593,132868.462617,105.119933,0.0,0.0,0.0
R2_10_10,R2,BIH-ACO,2026.0,True,1000,19,68782.320297,122282.947014,99.236177,0.0,0.0,0.0
R2_10_2,R2,BIH-ACO,2026.0,True,1000,19,61067.524236,109219.954976,113.918465,0.0,0.0,0.0
R2_10_3,R2,BIH-ACO,2026.0,True,1000,19,49421.877955,120730.425525,131.540584,0.0,0.0,0.0
R2_10_4,R2,BIH-ACO,2026.0,True,1000,19,44273.179568,71678.847284,132.934008,0.0,0.0,0.0
R2_10_5,R2,BIH-ACO,2026.0,True,1000,19,69610.030041,125126.643092,101.328217,0.0,0.0,0.0
R2_10_6,R2,BIH-ACO,2026.0,True,1000,19,65076.257448,106484.344587,90.449677,0.0,0.0,0.0
R2_10_7,R2,BIH-ACO,2026.0,True,1000,19,55333.003861,119273.697755,100.843429,0.0,0.0,0.0
R2_10_8,R2,BIH-ACO,2026.0,True,1000,19,44200.285654,68174.535727,141.170916,0.0,0.0,0.0
R2_10_9,R2,BIH-ACO,2026.0,True,1000,19,67314.854753,124389.197216,95.094222,0.0,0.0,0.0
RC1_10_1,RC1,BIH-ACO,2026.0,True,1000,94,66172.195671,121723.394222,102.879802,0.0,0.0,0.0
RC1_10_10,RC1,BIH-ACO,2026.0,True,1000,94,62265.794907,127750.041835,99.928123,0.0,0.0,0.0
RC1_10_2,RC1,BIH-ACO,2026.0,True,1000,91,75687.828935,132180.385567,93.406303,0.0,0.0,0.0
RC1_10_3,RC1,BIH-ACO,2026.0,True,1000,91,79750.82718,121700.378576,102.894524,0.0,0.0,0.0
RC1_10_4,RC1,BIH-ACO,2026.0,True,1000,90,87935.090113,118086.39501,107.461228,0.0,0.0,0.0
RC1_10_5,RC1,BIH-ACO,2026.0,True,1000,94,66828.56309,124990.300313,102.422557,0.0,0.0,0.0
RC1_10_6,RC1,BIH-ACO,2026.0,True,1000,96,65668.869913,126303.224796,107.761575,0.0,0.0,0.0
RC1_10_7,RC1,BIH-ACO,2026.0,True,1000,94,67519.276399,123132.725947,93.037094,0.0,0.0,0.0
RC1_10_8,RC1,BIH-ACO,2026.0,True,1000,96,61733.307498,130151.71107,96.388039,0.0,0.0,0.0
RC1_10_9,RC1,BIH-ACO,2026.0,True,1000,95,63187.296271,131615.74716,95.634468,0.0,0.0,0.0
RC2_10_1,RC2,BIH-ACO,2026.0,True,1000,28,49611.830664,155591.72992,96.563313,0.0,0.0,0.0
RC2_10_10,RC2,BIH-ACO,2026.0,True,1000,19,40974.60632,114862.266882,96.702297,0.0,0.0,0.0
RC2_10_2,RC2,BIH-ACO,2026.0,True,1000,24,42116.609663,135235.459022,100.790536,0.0,0.0,0.0
RC2_10_3,RC2,BIH-ACO,2026.0,True,1000,21,31942.650335,108315.824876,111.401879,0.0,0.0,0.0
RC2_10_4,RC2,BIH-ACO,2026.0,True,1000,18,26843.930997,83946.889153,113.997608,0.0,0.0,0.0
RC2_10_5,RC2,BIH-ACO,2026.0,True,1000,23,47878.216335,134197.737185,94.107466,0.0,0.0,0.0
RC2_10_6,RC2,BIH-ACO,2026.0,True,1000,23,38572.878052,143533.992719,92.025319,0.0,0.0,0.0
RC2_10_7,RC2,BIH-ACO,2026.0,True,1000,21,36274.129931,129840.13951,94.428859,0.0,0.0,0.0
RC2_10_8,RC2,BIH-ACO,2026.0,True,1000,19,38866.931375,118861.302471,107.352507,0.0,0.0,0.0
RC2_10_9,RC2,BIH-ACO,2026.0,True,1000,20,41129.212094,122894.83639,108.201798,0.0,0.0,0.0
C1_10_1,C1,BIH,,True,1000,107,47296.990632,140535.679168,289.414912,0.0,0.0,0.0
C1_10_10,C1,BIH,,True,1000,128,94419.158176,188137.803246,327.62461,0.0,0.0,0.0
C1_10_2,C1,BIH,,True,1000,98,58203.711653,152181.151912,434.617194,0.0,0.0,0.0
C1_10_3,C1,BIH,,True,1000,98,73352.658185,166828.679007,512.2493,0.0,0.0,0.0
C1_10_4,C1,BIH,,True,1000,100,72041.647296,168841.860567,494.695691,0.0,0.0,0.0
C1_10_5,C1,BIH,,True,1000,115,54791.678176,149335.664548,390.848392,0.0,0.0,0.0
C1_10_6,C1,BIH,,True,1000,126,62167.758631,159456.178834,407.222422,0.0,0.0,0.0
C1_10_7,C1,BIH,,True,1000,108,53106.56197,145153.109021,446.650542,0.0,0.0,0.0
C1_10_8,C1,BIH,,True,1000,123,69676.837362,166790.654239,413.79166,0.0,0.0,0.0
C1_10_9,C1,BIH,,True,1000,106,63627.325361,155492.99799,446.082587,0.0,0.0,0.0
C2_10_1,C2,BIH,,True,1000,34,21880.385451,117411.514606,908.307114,0.0,0.0,0.0
C2_10_10,C2,BIH,,True,1000,37,38106.759121,143201.891157,941.970748,0.0,0.0,0.0
C2_10_2,C2,BIH,,True,1000,36,48347.11565,139805.219202,976.899378,0.0,0.0,0.0
C2_10_3,C2,BIH,,True,1000,38,54348.179713,145687.200441,1065.421927,0.0,0.0,0.0
C2_10_4,C2,BIH,,True,1000,34,33913.376597,130931.408189,1134.784008,0.0,0.0,0.0
C2_10_5,C2,BIH,,True,1000,35,24019.610412,121420.142449,953.766444,0.0,0.0,0.0
C2_10_6,C2,BIH,,True,1000,41,52551.450761,145431.195638,843.331518,0.0,0.0,0.0
C2_10_7,C2,BIH,,True,1000,43,47542.148059,149302.580532,818.317609,0.0,0.0,0.0
C2_10_8,C2,BIH,,True,1000,34,33777.110849,129832.284209,923.740469,0.0,0.0,0.0
C2_10_9,C2,BIH,,True,1000,44,53484.893324,152025.707757,796.162919,0.0,0.0,0.0
R1_10_1,R1,BIH,,True,1000,107,84531.161718,161902.070425,465.51165,0.0,0.0,0.0
R1_10_10,R1,BIH,,True,1000,92,90971.062099,146950.055281,492.346645,0.0,0.0,0.0
R1_10_2,R1,BIH,,True,1000,92,83100.98594,140236.822722,499.980727,0.0,0.0,0.0
R1_10_3,R1,BIH,,True,1000,92,93988.471455,134220.907263,531.388622,0.0,0.0,0.0
R1_10_4,R1,BIH,,True,1000,92,100274.407495,125454.880118,562.259631,0.0,0.0,0.0
R1_10_5,R1,BIH,,True,1000,98,79890.36582,158744.726986,490.572737,0.0,0.0,0.0
R1_10_6,R1,BIH,,True,1000,92,78983.170125,130553.943538,533.229315,0.0,0.0,0.0
R1_10_7,R1,BIH,,True,1000,92,90672.776964,128513.119423,547.943354,0.0,0.0,0.0
R1_10_8,R1,BIH,,True,1000,92,104187.104215,124925.936965,549.024525,0.0,0.0,0.0
R1_10_9,R1,BIH,,True,1000,95,84878.800739,153264.94625,492.050462,0.0,0.0,0.0
R2_10_1,R2,BIH,,True,1000,21,73442.537593,132868.462617,1493.139734,0.0,0.0,0.0
R2_10_10,R2,BIH,,True,1000,19,68782.320297,122282.947014,1797.105137,0.0,0.0,0.0
R2_10_2,R2,BIH,,True,1000,19,61067.524236,109219.954976,2040.374428,0.0,0.0,0.0
R2_10_3,R2,BIH,,True,1000,19,49421.877955,120730.425525,2409.898582,0.0,0.0,0.0
R2_10_4,R2,BIH,,True,1000,19,44273.179568,71678.847284,2244.970094,0.0,0.0,0.0
R2_10_5,R2,BIH,,True,1000,19,69610.030041,125126.643092,1861.931562,0.0,0.0,0.0
R2_10_6,R2,BIH,,True,1000,19,65076.257448,106484.344587,2048.530308,0.0,0.0,0.0
R2_10_7,R2,BIH,,True,1000,19,55333.003861,119273.697755,2775.400549,0.0,0.0,0.0
R2_10_8,R2,BIH,,True,1000,19,44200.285654,68174.535727,3000.862027,0.0,0.0,0.0
R2_10_9,R2,BIH,,True,1000,19,67314.854753,124389.197216,2444.665146,0.0,0.0,0.0
RC1_10_1,RC1,BIH,,True,1000,94,66172.195671,121723.394222,663.154813,0.0,0.0,0.0
RC1_10_10,RC1,BIH,,True,1000,94,62265.794907,127750.041835,706.202065,0.0,0.0,0.0
RC1_10_2,RC1,BIH,,True,1000,91,75687.828935,132180.385567,690.468046,0.0,0.0,0.0
RC1_10_3,RC1,BIH,,True,1000,91,79750.82718,121700.378576,718.456475,0.0,0.0,0.0
RC1_10_4,RC1,BIH,,True,1000,90,87935.090113,118086.39501,779.053399,0.0,0.0,0.0
RC1_10_5,RC1,BIH,,True,1000,94,66828.56309,124990.300313,671.657779,0.0,0.0,0.0
RC1_10_6,RC1,BIH,,True,1000,96,65668.869913,126303.224796,679.391291,0.0,0.0,0.0
RC1_10_7,RC1,BIH,,True,1000,94,67519.276399,123132.725947,692.316332,0.0,0.0,0.0
RC1_10_8,RC1,BIH,,True,1000,96,61733.307498,130151.71107,707.996339,0.0,0.0,0.0
RC1_10_9,RC1,BIH,,True,1000,95,63187.296271,131615.74716,721.258773,0.0,0.0,0.0
RC2_10_1,RC2,BIH,,True,1000,28,49611.830664,155591.72992,1761.903012,0.0,0.0,0.0
RC2_10_10,RC2,BIH,,True,1000,19,40974.60632,114862.266882,1711.660105,0.0,0.0,0.0
RC2_10_2,RC2,BIH,,True,1000,24,42116.609663,135235.459022,2108.701899,0.0,0.0,0.0
RC2_10_3,RC2,BIH,,True,1000,21,31942.650335,108315.824876,2315.488454,0.0,0.0,0.0
RC2_10_4,RC2,BIH,,True,1000,18,26843.930997,83946.889153,2678.167249,0.0,0.0,0.0
RC2_10_5,RC2,BIH,,True,1000,23,47878.216335,134197.737185,1956.734461,0.0,0.0,0.0
RC2_10_6,RC2,BIH,,True,1000,23,38572.878052,143533.992719,1997.209827,0.0,0.0,0.0
RC2_10_7,RC2,BIH,,True,1000,21,36274.129931,129840.13951,1955.188299,0.0,0.0,0.0
RC2_10_8,RC2,BIH,,True,1000,19,38866.931375,118861.302471,2122.711535,0.0,0.0,0.0
RC2_10_9,RC2,BIH,,True,1000,20,41129.212094,122894.83639,2094.57173,0.0,0.0,0.0
C1_10_1,C1,GWO,2026.0,True,1000,715,357223.607708,717104.530327,46.73246,-568.2242990654205,-655.277667637296,-410.26510461429126
C1_10_10,C1,GWO,2026.0,True,1000,461,316017.288493,488233.620587,49.874036,-260.15625,-234.6961512873635,-159.5085156536079
C1_10_2,C1,GWO,2026.0,True,1000,581,339842.379244,639469.033498,50.971726,-492.8571428571429,-483.88437711683895,-320.20251881637626
C1_10_3,C1,GWO,2026.0,True,1000,457,316260.063597,547557.245951,49.836044,-366.32653061224494,-331.150106107092,-228.21529799922766
C1_10_4,C1,GWO,2026.0,True,1000,339,300842.235812,458386.515491,47.591389,-239.0,-317.594887268359,-171.48866634829733
C1_10_5,C1,GWO,2026.0,True,1000,670,345249.999944,667900.199533,54.898344,-482.60869565217394,-530.1139359794738,-347.24761600288804
C1_10_6,C1,GWO,2026.0,True,1000,659,342998.683565,654162.531857,53.137441,-423.015873015873,-451.7308185435585,-310.24596013805666
C1_10_7,C1,GWO,2026.0,True,1000,632,340322.372318,624701.741986,52.361885,-485.1851851851852,-540.8292303129108,-330.37434485514285
C1_10_8,C1,GWO,2026.0,True,1000,605,334710.536545,594147.818007,52.091826,-391.869918699187,-380.3756157961651,-256.2236869432897
C1_10_9,C1,GWO,2026.0,True,1000,523,321727.80197,531432.925791,51.673151,-393.39622641509436,-405.6440768877598,-241.77289824020067
C2_10_1,C2,GWO,2026.0,True,1000,520,282477.351429,1264675.88945,51.928002,-1429.4117647058824,-1191.0071994005475,-977.1310579664153
C2_10_10,C2,GWO,2026.0,True,1000,347,262109.270339,834376.549208,48.097312,-837.8378378378379,-587.8288166850587,-482.6574931843796
C2_10_2,C2,GWO,2026.0,True,1000,411,270526.80848,1036149.865667,50.654532,-1041.6666666666665,-459.5510814718065,-641.1381861001203
C2_10_3,C2,GWO,2026.0,True,1000,302,255155.073612,801905.898657,44.563824,-694.7368421052632,-369.48228065671043,-450.42989104712314
C2_10_4,C2,GWO,2026.0,True,1000,189,247152.393897,549475.789466,43.31286,-455.88235294117646,-628.7755413858238,-319.66690579912625
C2_10_5,C2,GWO,2026.0,True,1000,470,276538.571966,1135110.584055,51.143694,-1242.857142857143,-1051.3033193404485,-834.861845127368
C2_10_6,C2,GWO,2026.0,True,1000,430,270591.271894,1045433.248558,50.087404,-948.7804878048781,-414.90732981783617,-618.8507554873162
C2_10_7,C2,GWO,2026.0,True,1000,399,267357.112009,981411.365828,50.16192,-827.9069767441861,-462.35808209004085,-557.3304776990472
C2_10_8,C2,GWO,2026.0,True,1000,397,270365.371138,954192.247667,50.161657,-1067.6470588235293,-700.4396004935527,-634.9422013795665
C2_10_9,C2,GWO,2026.0,True,1000,355,261562.271801,864760.540889,49.624447,-706.8181818181819,-389.0395316234659,-468.8252030842345
R1_10_1,R1,GWO,2026.0,True,1000,627,332991.073456,738281.972582,53.374287,-485.9813084112149,-293.9270047735463,-356.00526950889355
R1_10_10,R1,GWO,2026.0,True,1000,569,323356.621867,661209.782374,54.474875,-518.4782608695652,-255.44997981347578,-349.9554499041359
R1_10_2,R1,GWO,2026.0,True,1000,504,317218.169608,620599.645162,52.786112,-447.82608695652175,-281.72612035798915,-342.536869501281
R1_10_3,R1,GWO,2026.0,True,1000,387,303377.397976,511720.465156,50.323053,-320.65217391304344,-222.78149998561437,-281.25242601236937
R1_10_4,R1,GWO,2026.0,True,1000,267,284882.873409,390938.370624,45.115267,-190.2173913043478,-184.10327273507465,-211.61671053074406
R1_10_5,R1,GWO,2026.0,True,1000,614,327088.216997,728657.348644,54.780675,-526.530612244898,-309.4213534257164,-359.0120015188043
R1_10_6,R1,GWO,2026.0,True,1000,495,311380.817408,618620.543088,52.446544,-438.0434782608695,-294.2369202390887,-373.8428624394174
R1_10_7,R1,GWO,2026.0,True,1000,380,302558.380396,502244.083756,49.780903,-313.04347826086956,-233.6816082252839,-290.81152648926627
R1_10_8,R1,GWO,2026.0,True,1000,263,279515.324264,380423.99511,43.991689,-185.8695652173913,-168.28207422599397,-204.5196252693161
R1_10_9,R1,GWO,2026.0,True,1000,593,322834.909334,698832.22791,54.314405,-524.2105263157895,-280.34810402977837,-355.96350960126995
R2_10_1,R2,GWO,2026.0,True,1000,497,317664.085108,2137622.025761,52.032759,-2266.666666666667,-332.53419001997753,-1508.8257391242662
R2_10_10,R2,GWO,2026.0,True,1000,439,316222.685971,1891077.452028,51.043341,-2210.5263157894738,-359.7441386181215,-1446.4768376996124
R2_10_2,R2,GWO,2026.0,True,1000,381,305057.144298,1670478.390302,50.391886,-1905.263157894737,-399.5407102457338,-1429.4626249105042
R2_10_3,R2,GWO,2026.0,True,1000,263,287669.663628,1200981.377711,45.536894,-1284.2105263157896,-482.0694711154668,-894.7628135066161
R2_10_4,R2,GWO,2026.0,True,1000,146,273241.852008,711440.497301,43.618479,-668.421052631579,-517.1724160635963,-892.5389766414481
R2_10_5,R2,GWO,2026.0,True,1000,479,314094.247705,2091207.200155,50.907143,-2421.052631578947,-351.21981346653615,-1571.2725191687828
R2_10_6,R2,GWO,2026.0,True,1000,369,311061.241835,1627677.392233,49.895235,-1842.1052631578948,-377.99497702146965,-1428.5602766734903
R2_10_7,R2,GWO,2026.0,True,1000,255,290673.477405,1179185.779361,45.447987,-1242.1052631578948,-425.31664128553393,-888.6385695722828
R2_10_8,R2,GWO,2026.0,True,1000,145,265338.59892,711243.486882,43.2838,-663.1578947368421,-500.30969255961725,-943.2685449155432
R2_10_9,R2,GWO,2026.0,True,1000,464,314432.973455,1965587.087068,50.795799,-2342.105263157895,-367.1078539926386,-1480.1911508881171
RC1_10_1,RC1,GWO,2026.0,True,1000,681,347842.46986,570027.809679,56.982703,-624.468085106383,-425.6625782669052,-368.2976623535318
RC1_10_10,RC1,GWO,2026.0,True,1000,589,329841.099864,503231.416928,54.929788,-526.595744680851,-429.73081024124014,-293.91878836170247
RC1_10_2,RC1,GWO,2026.0,True,1000,550,332258.968771,501923.804504,53.442927,-504.3956043956044,-338.98599477115516,-279.72638856434816
RC1_10_3,RC1,GWO,2026.0,True,1000,411,308936.172011,416266.173171,51.797642,-351.64835164835165,-287.3767620161755,-242.04180631290987
RC1_10_4,RC1,GWO,2026.0,True,1000,284,295097.924253,360949.814348,44.912897,-215.55555555555554,-235.58608272737052,-205.66587651137408
RC1_10_5,RC1,GWO,2026.0,True,1000,655,338106.843941,547064.488975,56.469751,-596.8085106382978,-405.9316380716753,-337.68555448306324
RC1_10_6,RC1,GWO,2026.0,True,1000,658,340206.017261,554170.802903,57.256587,-585.4166666666667,-418.06284729996827,-338.76219613400605
RC1_10_7,RC1,GWO,2026.0,True,1000,634,336426.386815,541589.655896,56.285039,-574.468085106383,-398.26716866293714,-339.8421717140546
RC1_10_8,RC1,GWO,2026.0,True,1000,615,336069.685177,521401.021961,55.206476,-540.625,-444.3895666660786,-300.61019380726606
RC1_10_9,RC1,GWO,2026.0,True,1000,611,331884.135834,513454.921319,56.680874,-543.1578947368421,-425.23870369544403,-290.1166330004672
RC2_10_1,RC2,GWO,2026.0,True,1000,524,324011.613523,1616699.265783,54.288361,-1771.4285714285716,-553.0934440161943,-939.0650368205636
RC2_10_10,RC2,GWO,2026.0,True,1000,396,306881.68095,1337716.778755,50.627238,-1984.2105263157894,-648.9557765444811,-1064.6268309585598
RC2_10_2,RC2,GWO,2026.0,True,1000,409,314909.042269,1249781.128435,51.738227,-1604.1666666666667,-647.7074835528649,-824.151947627646
RC2_10_3,RC2,GWO,2026.0,True,1000,293,303133.267898,894344.7877,45.4241,-1295.2380952380952,-848.9922242483829,-725.6824787364601
RC2_10_4,RC2,GWO,2026.0,True,1000,160,284811.588419,555462.31155,44.332948,-788.8888888888889,-960.9906144179469,-561.6830202458426
RC2_10_5,RC2,GWO,2026.0,True,1000,471,321734.643553,1495081.069582,52.210308,-1947.826086956522,-571.9854417755432,-1014.0881366136127
RC2_10_6,RC2,GWO,2026.0,True,1000,484,325783.631881,1506858.251963,51.545983,-2004.3478260869567,-744.5924917549888,-949.8267507356345
RC2_10_7,RC2,GWO,2026.0,True,1000,449,316701.207755,1452986.846916,51.481736,-2038.095238095238,-773.0773373680453,-1019.0582915263228
RC2_10_8,RC2,GWO,2026.0,True,1000,431,316632.016173,1415899.592686,51.592908,-2168.421052631579,-714.656585872545,-1091.2199877091655
RC2_10_9,RC2,GWO,2026.0,True,1000,424,312079.140217,1382141.788602,52.373518,-2020.0,-658.7773369053344,-1024.6540775853666
C1_10_1,C1,Standard ACO,2026.0,True,1000,253,141351.156739,294362.909792,95.013112,-136.4485981308411,-198.85866912506103,-109.45777722403929
C1_10_10,C1,Standard ACO,2026.0,True,1000,123,76573.364729,181256.620298,94.01315,3.90625,18.900606393603866,3.657522746240688
C1_10_2,C1,Standard ACO,2026.0,True,1000,214,124213.183284,278164.325361,90.402651,-118.36734693877551,-113.4111034439462,-82.78500449375677
C1_10_3,C1,Standard ACO,2026.0,True,1000,180,101064.678936,250184.733403,90.085514,-83.6734693877551,-37.779163614096376,-49.965062896950975
C1_10_4,C1,Standard ACO,2026.0,True,1000,136,74567.903525,204616.445491,91.197764,-36.0,-3.5066608327545454,-21.18822003255756
C1_10_5,C1,Standard ACO,2026.0,True,1000,220,126035.085554,263812.609202,90.071984,-91.30434782608695,-130.02596333909378,-76.65747160967328
C1_10_6,C1,Standard ACO,2026.0,True,1000,210,125035.049578,258203.013194,92.62919,-66.66666666666666,-101.12523329038147,-61.92725492487767
C1_10_7,C1,Standard ACO,2026.0,True,1000,203,124215.529369,248066.782743,94.636576,-87.96296296296296,-133.89864596990776,-70.90008227595797
C1_10_8,C1,Standard ACO,2026.0,True,1000,164,101543.145939,216202.479784,93.877736,-33.33333333333333,-45.73443598113004,-29.62505649399043
C1_10_9,C1,Standard ACO,2026.0,True,1000,142,87202.041813,192960.220695,95.98485,-33.9622641509434,-37.05124538591714,-24.095761988851464
C2_10_1,C2,Standard ACO,2026.0,True,1000,139,86344.173785,348511.268439,94.748207,-308.8235294117647,-294.61907094079015,-196.82886692034063
C2_10_10,C2,Standard ACO,2026.0,True,1000,60,48322.384808,183243.230677,97.384776,-62.16216216216216,-26.807909994556155,-27.961460003416093
C2_10_2,C2,Standard ACO,2026.0,True,1000,128,81020.159556,370735.216941,93.947328,-255.55555555555554,-67.58013061736807,-165.17981163874632
C2_10_3,C2,Standard ACO,2026.0,True,1000,117,68498.065139,344099.881639,90.599252,-207.89473684210526,-26.035619777372915,-136.1908805971961
C2_10_4,C2,Standard ACO,2026.0,True,1000,82,51209.854697,277574.24295,90.861061,-141.1764705882353,-51.00193444474077,-111.99973848086971
C2_10_5,C2,Standard ACO,2026.0,True,1000,96,65565.694056,256271.883616,96.216767,-174.28571428571428,-172.96735014171546,-111.06208446727992
C2_10_6,C2,Standard ACO,2026.0,True,1000,84,59412.148769,232087.178275,99.620849,-104.8780487804878,-13.055201918595802,-59.585553331143416
C2_10_7,C2,Standard ACO,2026.0,True,1000,85,57660.277186,246098.562197,94.231197,-97.67441860465115,-21.282439982399115,-64.83208884943133
C2_10_8,C2,Standard ACO,2026.0,True,1000,74,54956.664879,212645.961623,92.125329,-117.64705882352942,-62.70386512535914,-63.78511933186749
C2_10_9,C2,Standard ACO,2026.0,True,1000,74,52436.922517,214770.908228,93.478094,-68.18181818181817,1.959377203300408,-41.27275669144905
R1_10_1,R1,Standard ACO,2026.0,True,1000,261,144134.728294,325041.483437,92.798662,-143.92523364485982,-70.51076237996155,-100.76425371445339
R1_10_10,R1,Standard ACO,2026.0,True,1000,154,100435.860378,197244.802328,94.698874,-67.3913043478261,-10.404185749419801,-34.22574217534362
R1_10_2,R1,Standard ACO,2026.0,True,1000,214,124159.941049,285942.138815,92.475887,-132.6086956521739,-49.408505380002474,-103.89947038506465
R1_10_3,R1,Standard ACO,2026.0,True,1000,169,103786.347607,238872.176295,95.265627,-83.69565217391305,-10.424551011760038,-77.9694245598716
R1_10_4,R1,Standard ACO,2026.0,True,1000,112,82516.875508,170545.988281,94.853664,-21.73913043478261,17.708937335666086,-35.94209178677492
R1_10_5,R1,Standard ACO,2026.0,True,1000,230,129230.01162,294264.830106,95.665632,-134.6938775510204,-61.75919373202839,-85.36982972162079
R1_10_6,R1,Standard ACO,2026.0,True,1000,197,117877.270945,267768.407209,94.208701,-114.13043478260869,-49.2435296765698,-105.10173798852837
R1_10_7,R1,Standard ACO,2026.0,True,1000,156,98737.465188,223542.27961,93.422288,-69.56521739130434,-8.894277305747387,-73.9451042925915
R1_10_8,R1,Standard ACO,2026.0,True,1000,112,81255.564624,168750.694337,93.354014,-21.73913043478261,22.0099596430654,-35.08059129808904
R1_10_9,R1,Standard ACO,2026.0,True,1000,202,116474.635699,255698.636512,95.104287,-112.63157894736841,-37.22464818648456,-66.83438892472779
R2_10_1,R2,Standard ACO,2026.0,True,1000,150,114409.617386,644670.846457,94.965205,-614.2857142857143,-55.781133299109584,-385.19478118392624
R2_10_10,R2,Standard ACO,2026.0,True,1000,77,85244.132299,317404.234905,98.634878,-305.2631578947369,-23.9332025016289,-159.56541174024932
R2_10_2,R2,Standard ACO,2026.0,True,1000,128,108012.866067,546361.700049,93.742431,-573.6842105263157,-76.8744802058394,-400.2398143901978
R2_10_3,R2,Standard ACO,2026.0,True,1000,90,86625.115207,423794.391304,110.615142,-373.6842105263158,-75.27685873425241,-251.02534382788505
R2_10_4,R2,Standard ACO,2026.0,True,1000,55,63580.351408,285346.38266,107.141547,-189.4736842105263,-43.609182869610166,-298.0900830190867
R2_10_5,R2,Standard ACO,2026.0,True,1000,120,103238.060463,487517.608869,95.404372,-531.578947368421,-48.3091738391626,-289.61934630544687
R2_10_6,R2,Standard ACO,2026.0,True,1000,97,94944.525665,437069.609222,90.339619,-410.5263157894737,-45.897335508063925,-310.45433572153394
R2_10_7,R2,Standard ACO,2026.0,True,1000,73,79590.870408,339190.498507,97.52802,-284.2105263157895,-43.839778892064665,-184.37996380705064
R2_10_8,R2,Standard ACO,2026.0,True,1000,49,60291.604504,248740.852982,114.064013,-157.89473684210526,-36.405463475876395,-264.8588880429854
R2_10_9,R2,Standard ACO,2026.0,True,1000,105,94643.546535,447068.973788,95.897348,-452.6315789473684,-40.59830758348631,-259.4114149733367
RC1_10_1,RC1,Standard ACO,2026.0,True,1000,197,115383.723756,205174.507457,90.426076,-109.57446808510637,-74.36889102134931,-68.55799065445156
RC1_10_10,RC1,Standard ACO,2026.0,True,1000,121,80782.453727,143084.744466,94.083266,-28.723404255319153,-29.738091110306105,-12.003677189245915
RC1_10_2,RC1,Standard ACO,2026.0,True,1000,170,103405.173129,197631.844131,90.609402,-86.81318681318682,-36.620609395208575,-49.51677080017577
RC1_10_3,RC1,Standard ACO,2026.0,True,1000,141,87988.71772,171266.436699,91.062148,-54.94505494505495,-10.329536170711865,-40.727940786188086
RC1_10_4,RC1,Standard ACO,2026.0,True,1000,117,78539.010373,143648.262505,96.329515,-30.0,10.68524490954143,-21.6467506632202
RC1_10_5,RC1,Standard ACO,2026.0,True,1000,170,101267.38829,185479.172165,93.111758,-80.85106382978722,-51.53309244973624,-48.39485280099664
RC1_10_6,RC1,Standard ACO,2026.0,True,1000,161,95564.249651,181117.897877,91.828704,-67.70833333333334,-45.524431557306,-43.399266463334186
RC1_10_7,RC1,Standard ACO,2026.0,True,1000,149,90851.796996,167641.600446,92.05501,-58.51063829787234,-34.5568285701379,-36.147071508965006
RC1_10_8,RC1,Standard ACO,2026.0,True,1000,132,81620.583577,152637.091502,95.156604,-37.5,-32.2148235450438,-17.27628491945572
RC1_10_9,RC1,Standard ACO,2026.0,True,1000,132,83815.482643,154796.222242,92.568509,-38.94736842105263,-32.64609753759533,-17.612235300248997
RC2_10_1,RC2,Standard ACO,2026.0,True,1000,112,88574.980078,403836.835606,92.065918,-300.0,-78.53600420004851,-159.54903632322822
RC2_10_10,RC2,Standard ACO,2026.0,True,1000,46,60811.4177,179979.276669,97.044557,-142.10526315789474,-48.41245142193718,-56.6913848687105
RC2_10_2,RC2,Standard ACO,2026.0,True,1000,96,83418.694942,362048.197283,104.987355,-300.0,-98.06602575440544,-167.7169138192538
RC2_10_3,RC2,Standard ACO,2026.0,True,1000,75,71045.014879,285506.485621,96.712397,-257.14285714285717,-122.41427725599524,-163.58704828943317
RC2_10_4,RC2,Standard ACO,2026.0,True,1000,48,54771.136647,195195.582857,90.263054,-166.66666666666669,-104.03545461773487,-132.52271147444222
RC2_10_5,RC2,Standard ACO,2026.0,True,1000,81,75404.207295,299684.838831,96.398647,-252.17391304347828,-57.49168007304799,-123.3158659134957
RC2_10_6,RC2,Standard ACO,2026.0,True,1000,82,77657.795136,308419.362534,92.714944,-256.52173913043475,-101.3274587167432,-114.87548467894997
RC2_10_7,RC2,Standard ACO,2026.0,True,1000,73,67393.841768,266728.214851,92.083715,-247.61904761904762,-85.79037428656552,-105.4281640928591
RC2_10_8,RC2,Standard ACO,2026.0,True,1000,62,67431.669179,229197.042154,91.742251,-226.3157894736842,-73.49367905687924,-92.82730156008505
RC2_10_9,RC2,Standard ACO,2026.0,True,1000,55,66613.018267,211193.718461,96.151786,-175.0,-61.96035585305468,-71.8491392028778
